local_name,game_1,game_2,game_3,game_4,game_5,game_6,game_7,game_8,game_9,game_10,,,,,,,,,,,,,,,,,,Other Notes,Last Update
DLC Warmups,SF6,,,,,,,,,,,,,,,,,,,,,,,,,,,,2024.0621
Smash Club,SSBU,,,,,,,,,,,,,,,,,,,,,,,,,,,,2024.0621
Valquiria Beer House,GGST,Tekken,DBFZ,MK1,SF6,GBVSR,,,,,,,,,,,,,,,,,,,,,,,2024.0122
Stick Addiction,SF6,GGXXACR,KOFXV,GGST,Others,,,,,,,,,,,,,,,,,,,,,,,,2024.0118
Storm the Castle,SSBU,GGST,MK1,SF6,Skullgirls,Tekken,Brawlhalla,Others,,,,,,,,,,,,,,,,,,,,,2024.0118
Wicko Weekly,SF6,MK1,,,,,,,,,,,,,,,,,,,,,,,,,,,2024.0118
York Street Battles,GGST,MK1,SF6,Tekken,UNI,VF5,Others,,,,,,,,,,,,,,,,,,,,,,2024.0118
Ranking Battle,UNI,SF6,GBVSR,DBFZ,KOFXV,SSBM,MBTL,SSBU,MK1,Others,,,,,,,,,,,,,,,,,,Calendar here,2024.0118
Filthy,SSBU,,,,,,,,,,,,,,,,,,,,,,,,,,,Calendar here,2024.0118
Friday Night Smash,SSBU,SSBM,,,,,,,,,,,,,,,,,,,,,,,,,,Calendar here,2024.0118
Smash by the Books,SSBU,,,,,,,,,,,,,,,,,,,,,,,,,,,Calendar here,2024.0118
Cheese League FGC Monthly,Various,SSBM,,,,,,,,,,,,,,,,,,,,,,,,,,3rd Sunday,2024.0118
Cheese League FGC Weekly,Various,SSBM,,,,,,,,,,,,,,,,,,,,,,,,,,,2024.0118
Cheese League SSBU Monthly,SSBU,,,,,,,,,,,,,,,,,,,,,,,,,,,2nd Sunday,2024.0118
Cheese League SSBU Weekly,SSBU,,,,,,,,,,,,,,,,,,,,,,,,,,,,2024.0118
TFC Locals,SSBU,SSBM,Others,,,,,,,,,,,,,,,,,,,,,,,,,,2024.0118
CCH,GGST,UNI,GGXrd,GGXXACR,Tekken,SF6,Others,,,,,,,,,,,,,,,,,,,,,2nd Saturday; BYOC,2024.0129
CCH,GGST,UNI,GGXrd,GGXXACR,Tekken,SF6,Others,,,,,,,,,,,,,,,,,,,,,4th Saturday; BYOC,2024.0129
RMIT Game Day,SSBU,Tekken,GGST,SF6,MK1,,,,,,,,,,,,,,,,,,,,,,,,2024.0118
Drive Theory,SF6,,,,,,,,,,,,,,,,,,,,,,,,,,,,2024.0118
Perth Iron King Arena Monthlies,MK1,SF6,KOFXV,UNI,GGST,DBFZ,Tekken,,,,,,,,,,,,,,,,,,,,,,2024.0118
Perth Iron King Arena Weekly,MK1,SF6,KOFXV,UNI,GGST,DBFZ,Tekken,,,,,,,,,,,,,,,,,,,,,,2024.0118
Enigma Events,SSBU,P+,Rivals,NASB2,,,,,,,,,,,,,,,,,,,,,,,,,2024.0118
VirtualDojo Monthly Brackets,GBVSR,SF6,BBCF,UNI,GGST,MBTL,GGXXACR,Tekken,,,,,,,,,,,,,,,,,,,,,2024.0118
VirtualDojo Monthly Casuals,GBVSR,SF6,BBCF,UNI,GGST,MBTL,GGXXACR,Tekken,,,,,,,,,,,,,,,,,,,,,2024.0118
Belarus Clash,GGST,SF6,Tekken,MK1,,,,,,,,,,,,,,,,,,,,,,,,,2024.0118
Smash Games,SSBU,SSBM,Tekken,MK1,,,,,,,,,,,,,,,,,,,,,,,,,2024.0118
Smash Fellas,SSBU,SSBM,,,,,,,,,,,,,,,,,,,,,,,,,,,2024.0118
Brolha Game Store,SSBU,SF6,,,,,,,,,,,,,,,,,,,,,,,,,,,2024.0118
Semanal Ultra Arcade,GGST,SSBU,SF6,GBVSR,,,,,,,,,,,,,,,,,,,,,,,,,2024.0118
Recife Dash,GBVSR,UNI,GGXXACR,GGST,,,,,,,,,,,,,,,,,,,,,,,,,2024.0118
Confra Smash,SSBU,,,,,,,,,,,,,,,,,,,,,,,,,,,,2024.0118
SmashRS,SSBU,SF6,GGST,,,,,,,,,,,,,,,,,,,,,,,,,,2024.0118
Blame The Beasts,SF6,GGST,GBVSR,,,,,,,,,,,,,,,,,,,,,,,,,,2024.0118
Bar Fights,SF6,KOFXV,Others,,,,,,,,,,,,,,,,,,,,,,,,,,2024.0118
Crossplay Cafe,MK1,SF6,,,,,,,,,,,,,,,,,,,,,,,,,,,2024.0402
FGCC Monthly,SF6,GGST,BBCF,UNI,Tekken,MK1,Others,,,,,,,,,,,,,,,,,,,,,,2024.0118
Overdrive Lethbridge FGC,GBVSR,SF6,GGST,,,,,,,,,,,,,,,,,,,,,,,,,,2024.0118
RDFGC Weekly,SF6,GGXrd,GBVSR,BBCF,UNI,Others,,,,,,,,,,,,,,,,,,,,,,,2024.0118
OKSL,GGST,SSBU,,,,,,,,,,,,,,,,,,,,,,,,,,,2024.0118
Fight Night @ Game Quest,SF6,GGST,,,,,,,,,,,,,,,,,,,,,,,,,,,2024.0118
Okizeme,SF6,GGST,UNI,MK1,GBVSR,KOFXV,Tekken,UMVC3,BBCF,Others,,,,,,,,,,,,,,,,,,,2024.0118
Victoria FGC,Tekken,SF6,GGST,GGXXACR,Others,,,,,,,,,,,,,,,,,,,,,,,,2024.0610
Basement Series,SSBM,P+,SSBU,Remix,,,,,,,,,,,,,,,,,,,,,,,,Last Saturday,2024.0118
Green Door Smash,GGST,SF6,UMvC3,GBVSR,Tekken,Others,,,,,,,,,,,,,,,,,,,,,,,2024.0118
Le Hub,SF6,DBFZ,GBVSR,SSBM,SSBU,,,,,,,,,,,,,,,,,,,,,,,,2024.0118
Newfoundland Fighting Jam,SF6,GBVSR,Anime Etc,Retro,,,,,,,,,,,,,,,,,,,,,,,,,2024.0118
The Bug's Den,SF6,GGST,P+,,,,,,,,,,,,,,,,,,,,,,,,,"May also be Tuesday, consult the discord",2024.0118
South Shore Weeklies,Tekken,MK1,SF6,GGST,GBVSR,,,,,,,,,,,,,,,,,,,,,,,,2024.0118
In the Lab,GBVSR,SF6,GGST,Tekken,,,,,,,,,,,,,,,,,,,,,,,,,2024.0209
LFGC,SF6,GBVSR,GGST,GGXrd,KOFXV,MK1,CvS2,SSF2T,VSav,Others,,,,,,,,,,,,,,,,,,,2024.0118
DKM Offside,SF6,GGST,,,,,,,,,,,,,,,,,,,,,,,,,,,2024.0727
Mortal Showdown,MK1,,,,,,,,,,,,,,,,,,,,,,,,,,,,2024.0118
Capital City Clash,GGXrd,UMvC3,MK1,GGST,SF6,Tekken,GBVSR,,,,,,,,,,,,,,,,,,,,,,2024.0118
Downtown Rumble,GGST,GBVSR,GGXrd,DBFZ,Others,,,,,,,,,,,,,,,,,,,,,,,Games list varies,2024.0118
Battle City Weeklies,GGST,GBVSR,SF6,Tekken,Others,,,,,,,,,,,,,,,,,,,,,,,,2024.0118
MCQU,SSBU,GGST,SF6,,,,,,,,,,,,,,,,,,,,,,,,,,2024.0118
Revenge of the 6ix,SF6,GGST,Tekken,DBFZ,UNI,MBTL,Others,,,,,,,,,,,,,,,,,,,,,,2024.0118
Stun City,GBVSR,SF6,Tekken,Others,,,,,,,,,,,,,,,,,,,,,,,,,2024.0118
Over Drive-Thru,SF6,GGST,GGXrd,DBFZ,GBVSR,Others,,,,,,,,,,,,,,,,,,,,,,,2024.0118
Montreal Gaming Center (MGC),SSBU,SF6,SSBM,GBVSR,GGST,Tekken,BBCF,MK1,UNI,KOFXV,,,,,,,,,,,,,,,,,,,2024.0118
Super Move Sundays,SF6,GGST,GBVSR,Others,,,,,,,,,,,,,,,,,,,,,,,,,2024.0118
SuperCombo.gg Presents: The Dojo,GBVSR,SF6,Tekken,UNI,GGST,,,,,,,,,,,,,,,,,,,,,,,,2024.0129
Kinx Gaming Lounge,SF6,Tekken,GGST,,,,,,,,,,,,,,,,,,,,,,,,,Happens around the 15th - 23rd of each month,2024.0727
FGCA Monthly,Tekken,SF6,GGST,SSBM,SSBU,,,,,,,,,,,,,,,,,,,,,,,,2024.0118
FGCA Weekly,Tekken,SF6,GGST,SSBM,SSBU,,,,,,,,,,,,,,,,,,,,,,,,2024.0118
CPH Esport Club,SSBU,SSBM,SF6,BBCF,GGST,GBVSR,Tekken,,,,,,,,,,,,,,,,,,,,,,2024.0118
Arkade Bar,GGST,SF6,Tekken,DBFZ,KOFXV,UNI,MBTL,Others,,,,,,,,,,,,,,,,,,,,,2024.0118
Kauppakatu 44,GGST,GBVSR,SF6,Tekken,MK1,BBCF,UNI,Others,,,,,,,,,,,,,,,,,,,,,2024.0118
Save File Weeklies,Tekken,SF6,GGST,KOFXV,Others,,,,,,,,,,,,,,,,,,,,,,,,2024.0118
Turpakellari,SF6,Tekken,GBVSR,GGST,KOFXV,Others,,,,,,,,,,,,,,,,,,,,,,,2024.0118
ANC Smashweekly,SSBU,SSBM,,,,,,,,,,,,,,,,,,,,,,,,,,On break every June-August,2024.0118
GuardImpact,SF6,SSBU,SC6,Others,,,,,,,,,,,,,,,,,,,,,,,,,2024.0118
SWGA,SF6,GGST,GGXrd,Tekken,Others,,,,,,,,,,,,,,,,,,,,,,,,2024.0118
LaDOSE,SSF2T,3S,VSav,Tekken,SF6,KOFXV,UNI,GGXrd,GBVSR,Others,,,,,,,,,,,,,,,,,,,2024.0118
Beat by 44,SF6,GBVSR,Tekken,Others,,,,,,,,,,,,,,,,,,,,,,,,,2024.0118
KnockOut Zone,SSBU,SF6,,,,,,,,,,,,,,,,,,,,,,,,,,,2024.0118
Oni's Last Impact,SSBU,,,,,,,,,,,,,,,,,,,,,,,,,,,,2024.0118
Les Ranking Rennais,SF6,Tekken,GGST,KOFXV,SSF2T,3S,Others,,,,,,,,,,,,,,,,,,,,,,2024.0118
Super Smash Breizh ,SSBU,,,,,,,,,,,,,,,,,,,,,,,,,,,"Dissolved as of Feb 22 2024, source",2024.0402
Weekly Freeplay,SF6,Tekken,GGST,KOFXV,3S,Others,,,,,,,,,,,,,,,,,,,,,,,2024.0118
Toulouse Versus Fighters,SF6,GGST,Tekken,MK1,Others,,,,,,,,,,,,,,,,,,,,,,,,2024.0118
Berlin FGC,SF6,GGST,Others,,,,,,,,,,,,,,,,,,,,,,,,,,2024.0118
VirtuaSmash,SSBU,,,,,,,,,,,,,,,,,,,,,,,,,,,,2024.0118
Bunker Fights,SF6,Tekken,,,,,,,,,,,,,,,,,,,,,,,,,,,2024.0118
MadGear FFM,SF6,GBVSR,GGXXACR,GGXrd,GGST,BBCF,Tekken,Others,,,,,,,,,,,,,,,,,,,,,2024.0118
Freiburg eSports e.V.,SF6,Others,,,,,,,,,,,,,,,,,,,,,,,,,,,2024.0118
Bare Knuckle Altona,SF6,Tekken,KOFXV,Anime Etc,,,,,,,,,,,,,,,,,,,,,,,,,2024.0118
Fight Club Karlsruhe,GGST,SF6,Tekken,MK1,SSBU,,,,,,,,,,,,,,,,,,,,,,,,2024.0118
Core Gamer Treff Casuals,SF6,Tekken,GBVSR,SSBU,,,,,,,,,,,,,,,,,,,,,,,,Also open for casuals Friday & Saturday,2024.0118
Core Gamer Treff Monthlies,SF6,Tekken,GBVSR,SSBU,,,,,,,,,,,,,,,,,,,,,,,,,2024.0118
Insert Game,SF6,KOFXI,VF5,KOF98,Retro,,,,,,,,,,,,,,,,,,,,,,,,2024.0118
Cologne Fight Night,SF6,,,,,,,,,,,,,,,,,,,,,,,,,,,,2024.0118
LOK Dojo,Tekken,SF6,GGST,MK1,DBFZ,BBCF,,,,,,,,,,,,,,,,,,,,,,Contact for address,2024.0118
Níðhöggur,SF6,Tekken,GGST,GBVSR,Others,,,,,,,,,,,,,,,,,,,,,,,,2024.0215
Zoners Paradise,SSBU,,,,,,,,,,,,,,,,,,,,,,,,,,,,2024.0215
Saturday Spar Sessions,Unknown,,,,,,,,,,,,,,,,,,,,,,,,,,,,2024.0118
Sunday Spar Sessions,SSBU,SSBM,SF6,Anime Etc,,,,,,,,,,,,,,,,,,,,,,,,,2024.0118
Fighting Gamers Jogja (FAIJO),Tekken,GGST,SF6,GBVSR,Others,,,,,,,,,,,,,,,,,,,,,,,,2024.0118
CrossPlay,Various,,,,,,,,,,,,,,,,,,,,,,,,,,,,2024.0118
Drop The Cap,GBVSR,SF6,Tekken,GGST,BBCF,MBTL,DFCI,Others,,,,,,,,,,,,,,,,,,,,,2024.0118
FightHouse Weeklies,SF6,SSBU,,,,,,,,,,,,,,,,,,,,,,,,,,,2024.0118
Freestyle Bar Pit,,,,,,,,,,,,,,,,,,,,,,,,,,,,source,2024.0122
Game Bar Bridge,GGST,SF6,Tekken,UNI,,,,,,,,,,,,,,,,,,,,,,,,"Runs multiple times a week with various games, check FuguTabetai's page",2024.0402
Tatakai Tuesday,GGST,Tekken,UNI,MBTL,Others,,,,,,,,,,,,,,,,,,,,,,,,2024.0402
ShotBar Lucy,Tekken,SF6,MBTL,KOFXV,,,,,,,,,,,,,,,,,,,,,,,,"Runs multiple times a week with various games, check FuguTabetai's page",2024.0402
Retro Multiplayer,Tekken,SF6,GGST,Others,,,,,,,,,,,,,,,,,,,,,,,,,2024.0118
UniCon Cafe Riga,Tekken,SF6,GGST,Others,,,,,,,,,,,,,,,,,,,,,,,,,2024.0118
World of Games,Tekken,SF6,GGST,Others,,,,,,,,,,,,,,,,,,,,,,,,,2024.0118
Fighting Corner Lux,MK1,Others,,,,,,,,,,,,,,,,,,,,,,,,,,,2024.0118
Central Smash Series,SSBU,,,,,,,,,,,,,,,,,,,,,,,,,,,,2024.0118
Atlas Gamers,Tekken,,,,,,,,,,,,,,,,,,,,,,,,,,,,2024.0714
Atlas Gamers,SF6,UMvC3,Others,,,,,,,,,,,,,,,,,,,,,,,,,,2024.0714
Astral Finish,SF6,GBVSR,GGST,Others,,,,,,,,,,,,,,,,,,,,,,,,,2024.0118
That Green Stuff,SF6,Tekken,,,,,,,,,,,,,,,,,,,,,,,,,,,2024.0621
ZeroFundies,GGXrd,BBCF,Anime Etc,,,,,,,,,,,,,,,,,,,,,,,,,,2024.0118
Project Lucia,GGST,GGXrd,Rivals,Anime Etc,,,,,,,,,,,,,,,,,,,,,,,,,2024.0118
Strike Zone,GGST,SF6,GBVSR,SC2,Others,,,,,,,,,,,,,,,,,,,,,,,,2024.0118
GameNest,SF6,GGST,GBVSR,Retro,,,,,,,,,,,,,,,,,,,,,,,,,2024.0118
Auckland Ranbats,SF6,Tekken,GBVSR,GGST,UMvC3,MK1,,,,,,,,,,,,,,,,,,,,,,On break until March 2 2024,2024.0118
Fighting Monthlies,GGST,SSBU,Tekken,Others,,,,,,,,,,,,,,,,,,,,,,,,,2024.0118
Hambats Mighty Monthly,Tekken,SF6,MK1,SSBU,Others,,,,,,,,,,,,,,,,,,,,,,,,2024.0119
Wellington Ranbats,SSBU,MK1,SF6,Tekken,GGST,SSBM,Rivals,KOFXV,GBVSR,P4AU,,,,,,,,,,,,,,,,,,,2024.0118
Suya Battles,SF6,,,,,,,,,,,,,,,,,,,,,,,,,,,,2024.0118
GG Bergen,BBCF,GGST,SF6,Tekken,,,,,,,,,,,,,,,,,,,,,,,,,2024.0118
House of Fighters,SF6,Tekken,GGST,Others,,,,,,,,,,,,,,,,,,,,,,,,,2024.0118
FRAME,SSBM,SSBU,SF6,Tekken,GGST,,,,,,,,,,,,,,,,,,,,,,,"May be Sunday instead, which day they can get may be back & forth",2024.0118
Maniax,Tekken,,,,,,,,,,,,,,,,,,,,,,,,,,,,2024.0118
Hilltop Gaming Lounge,Tekken,SSBU,SF6,,,,,,,,,,,,,,,,,,,,,,,,,Game changes each week,2024.0118
Get to Cup,GGST,SF6,GBVSR,,,,,,,,,,,,,,,,,,,,,,,,,Contact for address,2024.0118
Igrotusa,MK1,Tekken,SF6,GGST,Skullgirls,SSBU,,,,,,,,,,,,,,,,,,,,,,,2024.0402
FightersGCC,Anime Etc,KOFXV,SF6,UMvC3,Tekken,Others,,,,,,,,,,,,,,,,,,,,,,Contact for address,2024.0118
Airdasher SG,GBVSR,UNI,MBTL,UMvC3,DBFZ,BBCF,GGST,Others,,,,,,,,,,,,,,,,,,,,,2024.0118
rAge Drive,SF6,Tekken,MK1,,,,,,,,,,,,,,,,,,,,,,,,,,2024.0118
GGALC Ecorp,GGST,SF6,GBVSR,,,,,,,,,,,,,,,,,,,,,,,,,,2024.0118
MadridFGC,Tekken,SF6,GBVSR,GGST,Others,,,,,,,,,,,,,,,,,,,,,,,,2024.0118
Fighting Games Zaragoza Bracket,SSBU,SF6,DBFZ,GBVSR,Tekken,SSBM,P+,,,,,,,,,,,,,,,,,,,,,,2024.0118
Fighting Games Zaragoza Casuals,SSBU,SF6,DBFZ,GBVSR,Tekken,SSBM,P+,,,,,,,,,,,,,,,,,,,,,,2024.0118
Inferno Online Ranking Battle,SF6,,,,,,,,,,,,,,,,,,,,,,,,,,,,2024.0119
Kappa Bar Casuals,SF6,,,,,,,,,,,,,,,,,,,,,,,,,,,,2024.0119
Stockholm Smackdown,Tekken,SF6,GGST,,,,,,,,,,,,,,,,,,,,,,,,,,2024.0118
Spacing,Tekken,SF6,GGST,,,,,,,,,,,,,,,,,,,,,,,,,,2024.0118
Monthly Mash,GBVSR,SF6,UNI,3S,Others,,,,,,,,,,,,,,,,,,,,,,,Tournaments vary between normal double elim and fun gimmicks,2024.0118
Versus Wednesdays,GGST,Tekken,SF6,DBFZ,UNI,Others,,,,,,,,,,,,,,,,,,,,,,,2024.0118
HardRead Monthly,GGST,,,,,,,,,,,,,,,,,,,,,,,,,,,,2024.0118
HardRead Weeklies,SF6,UNI,GGST,Tekken,GBVSR,3S,GGXrd,DBFZ,KOFXV,Others,,,,,,,,,,,,,,,,,,"Games rotate, check the site",2024.0118
Airdasher Thailand,Unknown,,,,,,,,,,,,,,,,,,,,,,,,,,,,2024.0118
StrikeDown,MBTL,3S,Others,,,,,,,,,,,,,,,,,,,,,,,,,"No set venue; conventions in İstanbul & Ankara, occasionally in Kadıköy",2024.0118
Titans Clash,SF6,,,,,,,,,,,,,,,,,,,,,,,,,,,,2024.0118
Waistman Weeklies,SF6,GGST,Tekken,GBVSR,3S,Mystery,Others,,,,,,,,,,,,,,,,,,,,,,2024.0118
Tender Loving Cancels,SF6,GGST,,,,,,,,,,,,,,,,,,,,,,,,,,Venue open from 4PM to 9PM,2024.0118
Sunday Face Off Tournaments,SF6,Tekken,GBVSR,GGST,,,,,,,,,,,,,,,,,,,,,,,,,2024.0118
Sunday Face Off Casuals,SF6,Tekken,GBVSR,GGST,,,,,,,,,,,,,,,,,,,,,,,,,2024.0118
MerseyBeats,SF6,Tekken,GGST,GGXrd,GBVSR,UNI,BBCF,SamSho,Others,,,,,,,,,,,,,,,,,,,Games change every week; no entry fee for casuals,2024.0118
Merseyside FGC Monthly,SF6,Tekken,GGST,GGXrd,GBVSR,UNI,BBCF,SamSho,Others,,,,,,,,,,,,,,,,,,,Games change every week; no entry fee for casuals,2024.0118
The Fight Lab,Tekken,SF6,GGST,Others,,,,,,,,,,,,,,,,,,,,,,,,,2024.0118
Fight Series,Tekken,SF6,GGST,Others,,,,,,,,,,,,,,,,,,,,,,,,"One game per month; day depends on venue availability, check links",2024.0120
Manchester Battle Arena,SF6,Tekken,GGST,SC6,Others,,,,,,,,,,,,,,,,,,,,,,,Free entry for casuals,2024.0120
Newcastle Fight Club,SF6,MK1,Others,,,,,,,,,,,,,,,,,,,,,,,,,,2024.0118
Albion Games,SSBU,SF6,Others,,,,,,,,,,,,,,,,,,,,,,,,,,2024.0118
NeoMax,SSBU,SSBM,GGST,SF6,,,,,,,,,,,,,,,,,,,,,,,,GGST & SF6 alternate between each other,2024.0118
Reset Aberdeen,SF6,Tekken,SSBU,Anime Etc,,,,,,,,,,,,,,,,,,,,,,,,,2024.0118
Giant Attack,GBVSR,GGST,SF6,UNI,Tekken,,,,,,,,,,,,,,,,,,,,,,,Games rotate,2024.0118
Rushdown Edinburgh,SF6,Tekken,Retro,Others,,,,,,,,,,,,,,,,,,,,,,,,,2024.0118
Burn to Fight Glasgow,SF6,Tekken,GBVSR,Others,,,,,,,,,,,,,,,,,,,,,,,,,2024.0118
Battle Lounge Fife,SF6,Tekken,KI,GGST,Retro,,,,,,,,,,,,,,,,,,,,,,,,2024.0118
Odesa Local FGC,GGST,Tekken,SF6,,,,,,,,,,,,,,,,,,,,,,,,,Contact for address,2024.0118
NCA Live,Tekken,MK1,GGST,SF6,Others,,,,,,,,,,,,,,,,,,,,,,,Contact for address,2024.0118
Heavy Kickback,SF6,GGST,BBCF,MK1,UNI,Tekken,,,,,,,,,,,,,,,,,,,,,,Contact for address,2024.0118
Versus Huntsville,SSBU,SSBM,GGST,SF6,Rivals,P+,Mystery,,,,,,,,,,,,,,,,,,,,,,2024.0118
Monday Night Combat,GGST,GBVSR,Tekken,SF6,,,,,,,,,,,,,,,,,,,,,,,,,2024.0118
Reignited,SF6,Tekken,GGST,BBCF,Various,,,,,,,,,,,,,,,,,,,,,,,Weekly when ASU is in session; contact Arconi on AZ Airdashers Discord,2024.0610
MKO Free Casuals Day,Tekken,SF6,GGST,GBVSR,UNI,,,,,,,,,,,,,,,,,,,,,,,Alternates weeks with the tournament version,2024.0610
MKO!,Tekken,SF6,GGST,GBVSR,UNI,,,,,,,,,,,,,,,,,,,,,,,Alternates weeks with the casuals version,2024.0610
Phoenix Locals,SF6,Tekken,Others,,,,,,,,,,,,,,,,,,,,,,,,,,2024.0118
Secret Lab,SF6,,,,,,,,,,,,,,,,,,,,,,,,,,,,2024.0118
UAT Potluck,Various,Mystery,,,,,,,,,,,,,,,,,,,,,,,,,,Contact @kenja in the AZ Airdashers Discord,2024.0610
Tucson Locals,Tekken,SF6,Others,,,,,,,,,,,,,,,,,,,,,,,,,,2024.0118
Bears by the Maul Gaming Lounge,Tekken,UNI,,,,,,,,,,,,,,,,,,,,,,,,,,,2024.0118
Southside Dojo,SF6,GBVSR,GGST,DBFZ,UNI,,,,,,,,,,,,,,,,,,,,,,,,2024.0118
MADHouse,SF6,MK1,,,,,,,,,,,,,,,,,,,,,,,,,,,2024.0118
SlugFest,SF6,,,,,,,,,,,,,,,,,,,,,,,,,,,,2024.0118
Tech City Tekken,Tekken,,,,,,,,,,,,,,,,,,,,,,,,,,,,2024.0118
Versus Reborn,SSBU,,,,,,,,,,,,,,,,,,,,,,,,,,,,2024.0118
Caliburst,GGXrd,Skullgirls,,,,,,,,,,,,,,,,,,,,,,,,,,,2024.0118
NorCal Dogfight,UNI,GBVSR,GGXXACR,GGST,Anime Etc,,,,,,,,,,,,,,,,,,,,,,,,2024.0118
Guildhouse Esports Thursday,SF6,SSBM,,,,,,,,,,,,,,,,,,,,,,,,,,,2024.0118
Guildhouse Esports Wednesday,GGST,SSBU,,,,,,,,,,,,,,,,,,,,,,,,,,,2024.0118
NorCalibur,SC6,,,,,,,,,,,,,,,,,,,,,,,,,,,,2024.0118
Astral Beatdown,GBVSR,BBCF,MBTL,Others,,,,,,,,,,,,,,,,,,,,,,,,2nd Saturday,2024.0118
King's Cup,SF6,GGST,GBVSR,MK1,KOFXV,,,,,,,,,,,,,,,,,,,,,,,,2024.0118
(S)Mashup Sunday,SSBU,,,,,,,,,,,,,,,,,,,,,,,,,,,,2024.0610
Flashkick Friday,Tekken,SF6,KOFXV,GGST,GBVSR,MK1,UNI,,,,,,,,,,,,,,,,,,,,,,2024.0610
Game Play Monthlies,Tekken,SSBU,SF6,MK1,KOFXV,GBVSR,GGST,UNI,,,,,,,,,,,,,,,,,,,,,2024.0610
Super Smashdown,SSBU,Remix,,,,,,,,,,,,,,,,,,,,,,,,,,First Sunday of every month,2024.0219
High Desert Fury,MK1,SF6,Tekken,,,,,,,,,,,,,,,,,,,,,,,,,,2024.0215
Tuesday Throwdown,SSBU,Others,,,,,,,,,,,,,,,,,,,,,,,,,,,2024.0215
Bonus Fruit Brawl,SSBU,,,,,,,,,,,,,,,,,,,,,,,,,,,,2024.0118
Chains of Fate Monthly,Tekken,,,,,,,,,,,,,,,,,,,,,,,,,,,,2024.0610
Conflux Gaming,SSBU,SF6,MK1,GGST,,,,,,,,,,,,,,,,,,,,,,,,,2024.0118
Fire & Ice Games,SF6,GGST,SSBU,SSBM,P+,SSB64,,,,,,,,,,,,,,,,,,,,,,,2024.0118
Tag Battle,GGXrd,GGST,GBVSR,UNI,BBCF,DFCI,Others,,,,,,,,,,,,,,,,,,,,,4th Saturday,2024.0118
Synchronicity,SF6,GGST,,,,,,,,,,,,,,,,,,,,,,,,,,,2024.0118
Zenith Active Frames,GGST,UNI,SF6,MBAACC,Tekken,Others,,,,,,,,,,,,,,,,,,,,,,,2024.0118
FGC at UCLA,GBVSR,SF6,Tekken,UNI,KOFXV,MBAACC,GGST,Mystery,Others,,,,,,,,,,,,,,,,,,,"Games list changes, see discord",2024.0118
Battle Garden,SF6,,,,,,,,,,,,,,,,,,,,,,,,,,,,2024.0118
Down Back Tuesdays,SF6,Tekken,,,,,,,,,,,,,,,,,,,,,,,,,,,2024.0118
Thirsty Thursday Casuals 21+,SF6,3S,Retro,,,,,,,,,,,,,,,,,,,,,,,,,,2024.0118
ELA Battles: Square-UP!,SF6,,,,,,,,,,,,,,,,,,,,,,,,,,,,2024.0118
Cal Poly Pomona FGC Casuals,SF6,GGST,Tekken,GBVSR,DBFZ,Others,,,,,,,,,,,,,,,,,,,,,,,2024.0119
FragFest,SF6,GGST,Tekken,GBVSR,DBFZ,Others,,,,,,,,,,,,,,,,,,,,,,"Happens once per semester, look to social links for more info",2024.0119
Contender Colosseum,SF6,GGST,Tekken,GBVSR,UNI,,,,,,,,,,,,,,,,,,,,,,,,2024.0118
Contender Colosseum Clash,SF6,GGST,Tekken,KOFXV,GBVSR,UNI,,,,,,,,,,,,,,,,,,,,,,Games list changes each month,2024.0118
Don's Arcade,SSF2T,3S,VSav,MvC2,CvS2,SF6,Retro,Others,,,,,,,,,,,,,,,,,,,,,2024.0204
Side Step Saturday,SF6,Tekken,,,,,,,,,,,,,,,,,,,,,,,,,,,2024.0118
Extraordinaire Arcade,SSBU,MK1,Tekken,SF6,,,,,,,,,,,,,,,,,,,,,,,,Games list rotates each month,2024.0727
Game Realms,SF6,MK1,Skullgirls,GGST,GGXrd,KOFXV,GBVSR,,,,,,,,,,,,,,,,,,,,,,2024.0118
Calle de Joestar,SF6,,,,,,,,,,,,,,,,,,,,,,,,,,,,2024.0118
0-2uesdays,GGST,SF6,,,,,,,,,,,,,,,,,,,,,,,,,,No longer exists as of May 21 2024,2024.0610
Fullerton Fights,SF6,GGST,Tekken,GBVSR,UNI,MBTL,,,,,,,,,,,,,,,,,,,,,,No longer exists as of May 21 2024,2024.0610
Game Lab Mega Monthly,GGST,UNI,GBVSR,MBTL,SF6,MK1,KOFXV,Tekken,Others,,,,,,,,,,,,,,,,,,,"2nd to last Saturday & Sunday, 2-day event",2024.0118
Game Lab Smash,SSBU,,,,,,,,,,,,,,,,,,,,,,,,,,,,2024.0118
The Shop Showdowns,SSBU,SF6,MK1,Tekken,,,,,,,,,,,,,,,,,,,,,,,,"Frequency is actually 3 times per month, check the links",2024.0118
Tip the Scales,SSBU,,,,,,,,,,,,,,,,,,,,,,,,,,,,2024.0118
Buttons on Wake-Up Monthly,Tekken,SF6,GGST,GBVSR,Anime Etc,,,,,,,,,,,,,,,,,,,,,,,,2024.0118
Buttons on Wake-Up Weekly,Tekken,SF6,GGST,GBVSR,Anime Etc,,,,,,,,,,,,,,,,,,,,,,,,2024.0118
Capcom Mondays,SF6,3S,UMvC3,CvS2,,,,,,,,,,,,,,,,,,,,,,,,,2024.0224
Mile High Burst,SF6,MK1,GGST,Others,,,,,,,,,,,,,,,,,,,,,,,,,2024.0118
Tri-Calamity,UNI,MBTL,BBCF,Others,,,,,,,,,,,,,,,,,,,,,,,,,2024.0118
Fire and Dice,SF6,Tekken,UMvC3,GGXrd,Others,,,,,,,,,,,,,,,,,,,,,,,Tournaments will happen for SF6 & T8 is there are enough people,2024.0610
Anime Fighters Weekly,GGST,GBVSR,DBFZ,Others,,,,,,,,,,,,,,,,,,,,,,,,,2024.0118
FGC Weekly,SF6,Tekken,MK1,,,,,,,,,,,,,,,,,,,,,,,,,Games list rotates,2024.0118
Smash Weekly,SSBU,,,,,,,,,,,,,,,,,,,,,,,,,,,,2024.0118
Hall of Gaming Anime,GGST,MBTL,,,,,,,,,,,,,,,,,,,,,,,,,,Calendar here,2024.0118
Hall of Gaming FGC,SF6,MK1,Tekken,,,,,,,,,,,,,,,,,,,,,,,,,Calendar here,2024.0118
Hall of Gaming Platform,P+,Rivals,,,,,,,,,,,,,,,,,,,,,,,,,,Calendar here,2024.0118
Hall of Gaming SSBM,SSBM,,,,,,,,,,,,,,,,,,,,,,,,,,,Calendar here,2024.0118
Hall of Gaming SSBU,SSBU,,,,,,,,,,,,,,,,,,,,,,,,,,,Calendar here,2024.0118
ESG Fight Night FGC,GBVSR,GGST,SF6,Tekken,Others,,,,,,,,,,,,,,,,,,,,,,,,2024.0118
ESG Fight Night SSBM,SSBM,,,,,,,,,,,,,,,,,,,,,,,,,,,,2024.0118
ESG Fight Night SSBU,SSBU,,,,,,,,,,,,,,,,,,,,,,,,,,,,2024.0118
ESG Monthly FGC,MK1,GGST,SF6,Tekken,,,,,,,,,,,,,,,,,,,,,,,,4th Saturday,2024.0118
ESG Monthly Smash,SSBU,SSBM,,,,,,,,,,,,,,,,,,,,,,,,,,3rd Saturday,2024.0118
Defend the District,SSBM,SSBU,,,,,,,,,,,,,,,,,,,,,,,,,,,2024.0118
Southwest Florida FGC,Tekken,BBCF,Others,,,,,,,,,,,,,,,,,,,,,,,,,,2024.0118
Run The Clock,SF6,GGST,DBFZ,,,,,,,,,,,,,,,,,,,,,,,,,,2024.0220
Freeze Frame Friday,SF6,GGST,DBFZ,MK1,Tekken,,,,,,,,,,,,,,,,,,,,,,,,2024.0118
Smash the Sticks,SSBU,,,,,,,,,,,,,,,,,,,,,,,,,,,,2024.0118
Frame Kill Fridays,SF6,MK1,UMvC3,GGST,Tekken,DOA,,,,,,,,,,,,,,,,,,,,,,,2024.0118
3-2-1 Fight!,SF6,GGST,Tekken,,,,,,,,,,,,,,,,,,,,,,,,,,2024.0402
3-2-1 Jam Sessions,Others,,,,,,,,,,,,,,,,,,,,,,,,,,,,2024.0402
Flynns Gaming,SF6,MK1,GGST,,,,,,,,,,,,,,,,,,,,,,,,,,2024.0118
Newsflash FGC Weekly,SF6,Rivals,GBVSR,Tekken,Others,,,,,,,,,,,,,,,,,,,,,,,,2024.0118
Newsflash SSBM Weekly,SSBM,,,,,,,,,,,,,,,,,,,,,,,,,,,,2024.0118
Newsflash SSBU Weekly,SSBU,,,,,,,,,,,,,,,,,,,,,,,,,,,,2024.0118
Press Start: Game!,Various,,,,,,,,,,,,,,,,,,,,,,,,,,,"source just says ""2D/3D fighters and platform fighters""",2024.0714
Fight Knight FGC Weekly,SF6,MK1,GGST,Tekken,SSBU,UMvC3,NASB2,GBVSR,KOFXV,Others,,,,,,,,,,,,,,,,,,Calendar here,2024.0118
Fight Knight SSBM Weekly,SSBM,,,,,,,,,,,,,,,,,,,,,,,,,,,Calendar here,2024.0118
Fight Knight SSBU Weekly,SSBU,,,,,,,,,,,,,,,,,,,,,,,,,,,Calendar here,2024.0118
ROK Dojo,GGST,SF6,MK1,Tekken,GBVSR,KOFXV,DBFZ,Others,,,,,,,,,,,,,,,,,,,,,2024.0118
Heart Container Cafe,Tekken,,,,,,,,,,,,,,,,,,,,,,,,,,,,2024.0118
Clash at Coliseum,GGST,Tekken,MK1,,,,,,,,,,,,,,,,,,,,,,,,,,2024.0118
Juicy Monthly,SF6,MK1,GBVSR,UNI,Tekken,GGST,SSBM,SSBU,Others,,,,,,,,,,,,,,,,,,,,2024.0118
Retro Revival,SSF2T,VSav,CvS2,SF6,GGST,KOFXV,Others,,,,,,,,,,,,,,,,,,,,,,2024.0118
Downtown Throwdown,SSBU,Remix,Tekken,SF6,GBVSR,GGXrd,UNI,UMvC3,Various,,,,,,,,,,,,,,,,,,,,2024.0621
Gamers on the Edge,GBVSR,MK1,Tekken,MBTL,SF6,Others,,,,,,,,,,,,,,,,,,,,,,,2024.0118
Tampa Gaming Dojo,SF6,MK1,GGST,DBFZ,GBVSR,Tekken,Retro,,,,,,,,,,,,,,,,,,,,,,2024.0118
HDGG Bi-Weekly,SF6,SSBU,MK1,Tekken,,,,,,,,,,,,,,,,,,,,,,,,,2024.0118
Fighting Game Club at USF,SF6,Others,,,,,,,,,,,,,,,,,,,,,,,,,,Other games are decided by poll,2024.0118
Neon Dreams Bi-Weekly 1,SF6,,,,,,,,,,,,,,,,,,,,,,,,,,,Calendar here,2024.0118
Neon Dreams Bi-Weekly 2,GGST,,,,,,,,,,,,,,,,,,,,,,,,,,,Calendar here,2024.0118
Neon Dreams Monthly 1,GBVSR,,,,,,,,,,,,,,,,,,,,,,,,,,,Calendar here,2024.0118
Neon Dreams Monthly 2,SC2,,,,,,,,,,,,,,,,,,,,,,,,,,,Calendar here,2024.0118
Neon Dreams Monthly 3,Tekken,,,,,,,,,,,,,,,,,,,,,,,,,,,Calendar here,2024.0118
4o4 Esports SSBU Monthly,SSBU,,,,,,,,,,,,,,,,,,,,,,,,,,,Calendar here,2024.0118
4o4 Esports SSBU Weekly,SSBU,NASB2,,,,,,,,,,,,,,,,,,,,,,,,,,Calendar here,2024.0118
4o4 Esports Weeklies,SF6,GGST,GBVSR,UNI,MBTL,DBFZ,GGXrd,,,,,,,,,,,,,,,,,,,,,Calendar here,2024.0118
 +2 On Block,SF6,KOFXV,3S,SamSho,GGST,MK1,Tekken,UNI,UMvc3,,,,,,,,,,,,,,,,,,,,2024.0118
CSRA FGC,SSBU,GGST,SF6,GBVSR,,,,,,,,,,,,,,,,,,,,,,,,Source here,2024.0211
Zone Breakers,GGST,GBVSR,UNI,SF6,Tekken,SSBU,,,,,,,,,,,,,,,,,,,,,,,2024.0118
Reboot Monthly,SSBU,SF6,MK1,Tekken,GGST,Others,,,,,,,,,,,,,,,,,,,,,,,2024.0118
Reboot Weekly,SSBU,SF6,MK1,Tekken,GGST,Others,,,,,,,,,,,,,,,,,,,,,,,2024.0118
Coastal Conquerors,Tekken,GBVSR,SF6,GGST,,,,,,,,,,,,,,,,,,,,,,,,,2024.0118
Big Island Battle Rave,SF6,Tekken,,,,,,,,,,,,,,,,,,,,,,,,,,,2024.0118
Street Fighter Tournament,SF6,GBVSR,UNI,,,,,,,,,,,,,,,,,,,,,,,,,Games rotate each week,2024.0118
Boise Tea Party,SF6,MK1,UNI,Others,,,,,,,,,,,,,,,,,,,,,,,,Last Tuesday,2024.0118
SpudSportKumite,Tekken,UNI,Others,,,,,,,,,,,,,,,,,,,,,,,,,Last Saturday,2024.0118
Spacebar Fights,SF6,MK1,UNI,Others,,,,,,,,,,,,,,,,,,,,,,,,1st Tuesday,2024.0118
Forgotten Breaks,SF6,MK1,UNI,Others,,,,,,,,,,,,,,,,,,,,,,,,Contact for address; 2nd or 3rd Saturday,2024.0118
Tripoint Smash ft FGC,SSBU,SSBM,P+,Rivals,NASB2,SF6,UNI,GBVSR,BBCF,Others,,,,,,,,,,,,,,,,,,,2024.0118
FGC Meetups,SF6,GBVSR,GGST,Tekken,MK1,KOFXV,,,,,,,,,,,,,,,,,,,,,,,2024.0118
Logan Arcade,3S,,,,,,,,,,,,,,,,,,,,,,,,,,,"3rd Sunday, 4pm",2024.0118
Logan Arcade Meetups,3S,VSav,SSF2T,MvC2,,,,,,,,,,,,,,,,,,,,,,,,,2024.0118
Chicago Punish,SSF2T,MvC2,VSav,Retro,,,,,,,,,,,,,,,,,,,,,,,,,2024.0118
Chicago Punish,SF6,GGST,Others,,,,,,,,,,,,,,,,,,,,,,,,,,2024.0118
Scrim Center Battles FGC,SF6,MK1,Others,,,,,,,,,,,,,,,,,,,,,,,,,Calendar here,2024.0118
Scrim Center Battles SSBU,SSBU,,,,,,,,,,,,,,,,,,,,,,,,,,,Calendar here,2024.0118
Street Fighter Saturdays,SSF2T,3S,,,,,,,,,,,,,,,,,,,,,,,,,,"Last Saturday, 7pm",2024.0118
Fargo Fight Night,Tekken,SSBU,GGXrd,SF6,,,,,,,,,,,,,,,,,,,,,,,,,2024.0714
Rockford Rumble,Tekken,GGST,SF6,SSBU,,,,,,,,,,,,,,,,,,,,,,,,,2024.0714
Urbana-Champaign Kids in the Hall,Retro,SF6,Tekken,GGXrd,SamSho,,,,,,,,,,,,,,,,,,,,,,,Contact for address,2024.0118
219 Smashdown,SSBU,,,,,,,,,,,,,,,,,,,,,,,,,,,,2024.0118
219 Throwdown,SF6,Tekken,Others,,,,,,,,,,,,,,,,,,,,,,,,,,2024.0118
Fight Club,SF6,Tekken,GGST,Others,,,,,,,,,,,,,,,,,,,,,,,,,2024.0215
Salty Sunday,SSBU,,,,,,,,,,,,,,,,,,,,,,,,,,,,2024.0215
Des Moines Training Ground,SF6,Tekken,GGST,MK1,Mystery,Others,,,,,,,,,,,,,,,,,,,,,,,2024.0118
Top City Fight Night,SF6,GGST,Tekken,GBVSR,KOFXV,UNI,MK1,BBCF,MBTL,Others,,,,,,,,,,,,,,,,,,Last Saturday of the month,2024.0204
Crossover ICT,SSBM,SF6,Tekken,KOFXV,GGXrd,GBVSR,,,,,,,,,,,,,,,,,,,,,,,2024.0118
Fight Night at Velocity,SSBU,SF6,,,,,,,,,,,,,,,,,,,,,,,,,,,2024.0118
MashStick,NASB2,SF6,SSBU,GGST,Tekken,,,,,,,,,,,,,,,,,,,,,,,,2024.0118
BSG Fighters,Tekken,SF6,MK1,GGST,UNI,DBFZ,,,,,,,,,,,,,,,,,,,,,,,2024.0118
F*ck Around 'N Flash Kick,SF6,Others,,,,,,,,,,,,,,,,,,,,,,,,,,source,2024.0118
Esports Lounge,GBVSR,NASB2,SF6,GGST,,,,,,,,,,,,,,,,,,,,,,,,,2024.0118
Late Night Special Moves,SF6,MK1,GGST,Tekken,,,,,,,,,,,,,,,,,,,,,,,,,2024.0118
Monthly Godlike,SF6,MK1,GGST,Tekken,,,,,,,,,,,,,,,,,,,,,,,,3rd Saturday,2024.0118
Ryu in the Bayou,Unknown,,,,,,,,,,,,,,,,,,,,,,,,,,,,2024.0118
Block String,Tekken,SF6,Others,,,,,,,,,,,,,,,,,,,,,,,,,,2024.0204
Wonderfly Weekly,SSBU,P+,Rivals,Tekken,SF6,Others,,,,,,,,,,,,,,,,,,,,,,,2024.0204
Bread and Butter,SF6,GGST,MK1,Tekken,KOFXV,GBVSR,,,,,,,,,,,,,,,,,,,,,,,2024.0118
FGC @ Xanadu,GBVSR,SF6,BBCF,CvS2,GGST,KOFXV,MK1,Tekken,UNI,Others,,,,,,,,,,,,,,,,,,,2024.0118
Melee @ Xanadu,SSBM,,,,,,,,,,,,,,,,,,,,,,,,,,,,2024.0118
Ultimate @ Xanadu,SSBU,,,,,,,,,,,,,,,,,,,,,,,,,,,,2024.0118
Xanadu Homecoming,SSBU,,,,,,,,,,,,,,,,,,,,,,,,,,,,2024.0118
Xanadu Legends,SSBM,,,,,,,,,,,,,,,,,,,,,,,,,,,,2024.0118
Mega Drive,SSBU,SSBM,GGST,Others,,,,,,,,,,,,,,,,,,,,,,,,,2024.0118
GO ALL OUT!,SF6,GGST,Tekken,GBVSR,Mystery,,,,,,,,,,,,,,,,,,,,,,,,2024.0118
Boston Blue Beat Monthly,GBVSR,GGST,BBCF,MBTL,GGXrd,KOFXV,Others,,,,,,,,,,,,,,,,,,,,,,2024.0118
Friday Night Fights,GGST,GBVSR,SF6,MK1,Tekken,BBCF,KOFXV,CvS2,Others,,,,,,,,,,,,,,,,,,,,2024.0118
Game Underground,SF6,Tekken,GGST,KOFXV,GBVSR,,,,,,,,,,,,,,,,,,,,,,,,2024.0118
Block Party,GBVSR,SF6,GGST,Tekken,UNI,,,,,,,,,,,,,,,,,,,,,,,3v3 crew battle,2024.0118
Sunday Night Slugfest,GBVSR,SF6,GGST,Tekken,UNI,,,,,,,,,,,,,,,,,,,,,,,,2024.0118
Button Club,SF6,Tekken,GGST,Retro,,,,,,,,,,,,,,,,,,,,,,,,Retro games rotate; starts at 6pm,2024.0727
Mid-Cape Mixup,SF6,GGST,GBVSR,KOFXV,,,,,,,,,,,,,,,,,,,,,,,,,2024.0118
Mid-Cape Mixup,SF6,GGST,,,,,,,,,,,,,,,,,,,,,,,,,,,2024.0118
Rough House,SF6,GBVSR,Others,,,,,,,,,,,,,,,,,,,,,,,,,,2024.0118
Frame Advantage,UNI,DBFZ,GGST,MK1,SF6,Tekken,,,,,,,,,,,,,,,,,,,,,,,2024.0118
Neutral Ground Weekly,GGXrd,MK1,SF6,,,,,,,,,,,,,,,,,,,,,,,,,,2024.0118
Grand Rapids Weekly Casuals,Various,,,,,,,,,,,,,,,,,,,,,,,,,,,,2024.0118
Kalamazoo Hyper Drive Heat,MK1,UNI,DBFZ,GBVSR,GGST,SF6,KOF13,Mystery,Others,,,,,,,,,,,,,,,,,,,,2024.0118
Odyssey Games Weekly,DBFZ,SF6,GBVSR,Mystery,,,,,,,,,,,,,,,,,,,,,,,,,2024.0118
Evolution Games FGC Casuals,Various,,,,,,,,,,,,,,,,,,,,,,,,,,,,2024.0118
MSU FGC Weekly Casuals,Various,,,,,,,,,,,,,,,,,,,,,,,,,,,,2024.0118
UMD Smash Bros Club,SSBU,,,,,,,,,,,,,,,,,,,,,,,,,,,,2024.0211
RunTheMix,GBVSR,GGST,Tekken,SF6,MBTL,,,,,,,,,,,,,,,,,,,,,,,,2024.0118
Stop Your Friendlies!,SSBU,,,,,,,,,,,,,,,,,,,,,,,,,,,,2024.0118
The Good Fight,GGST,,,,,,,,,,,,,,,,,,,,,,,,,,,,2024.0118
Corinth Gaming Center,Unknown,,,,,,,,,,,,,,,,,,,,,,,,,,,source,2024.0118
Top in the Shop,SF6,Others,,,,,,,,,,,,,,,,,,,,,,,,,,Starts at 7pm CT,2024.0118
Magic Pixel Runback,Skullgirls,SC6,UNI,Others,,,,,,,,,,,,,,,,,,,,,,,,,2024.0118
Magic Pixel Weekly,GBVSR,TFH,SF6,MBTL,GGST,UNI,VSav,BBCF,Others,,,,,,,,,,,,,,,,,,,,2024.0118
Localhost St Louis FGC,GGST,GGXrd,SF6,GBVSR,UNI,BBCF,MBTL,Tekken,Others,,,,,,,,,,,,,,,,,,,,2024.0118
Localhost St Louis SSBU,SSBU,,,,,,,,,,,,,,,,,,,,,,,,,,,,2024.0118
Mystic,Unknown,,,,,,,,,,,,,,,,,,,,,,,,,,,,2024.0118
Dino Rush,SF6,GBVSR,GGXrd,,,,,,,,,,,,,,,,,,,,,,,,,,2024.0118
FGC in Omaha NE,SF6,UNI,Tekken,GBVSR,GGST,GGXrd,GGXXACR,MBTL,MBAACC,Others,,,,,,,,,,,,,,,,,,Currently on break,2024.0118
Knockdown!,SF6,GBVSR,MK1,Tekken,GGST,MvC2,KOFXV,KI,SSBM,SSBU,,,,,,,,,,,,,,,,,,,2024.0118
Biggest Little Fight Club,GGST,GBVSR,SF6,,,,,,,,,,,,,,,,,,,,,,,,,,2024.0118
Tokens Takedowns,SF6,,,,,,,,,,,,,,,,,,,,,,,,,,,,2024.0118
Wakeup Super Wednesday,SF6,GBVSR,,,,,,,,,,,,,,,,,,,,,,,,,,,2024.0118
Iron Grid,GGST,SF6,MK1,NASB2,Others,,,,,,,,,,,,,,,,,,,,,,,,2024.0118
Master Instinct,SF6,Tekken,GGST,Others,,,,,,,,,,,,,,,,,,,,,,,,,2024.0118
MKNJ Monthly,MK1,,,,,,,,,,,,,,,,,,,,,,,,,,,,2024.0118
MKNJ Weeklies,MK1,,,,,,,,,,,,,,,,,,,,,,,,,,,,2024.0118
X-Impact,SSBU,Rivals,GGST,SF6,GBVSR,Tekken,,,,,,,,,,,,,,,,,,,,,,Calendar here,2024.0118
Saikyo Summit,SSBU,SF6,GBVSR,,,,,,,,,,,,,,,,,,,,,,,,,,2024.0118
FGC Casuals,Various,,,,,,,,,,,,,,,,,,,,,,,,,,,,2024.0118
Sunday Night Fights Casuals,Various,,,,,,,,,,,,,,,,,,,,,,,,,,,,2024.0118
Fight For Your Life!,GGST,SSBM,SSBU,SF6,P+,GBVSR,MK1,,,,,,,,,,,,,,,,,,,,,2nd & 4th Saturday,2024.0118
Barfights,UNI,Tekken,SF6,,,,,,,,,,,,,,,,,,,,,,,,,,2024.0118
Battle for the Breaker Box Brackets,SF6,Tekken,GGST,KOFXV,Others,,,,,,,,,,,,,,,,,,,,,,,,2024.0118
Battle for the Breaker Box Casuals,SF6,Tekken,GGST,KOFXV,Others,,,,,,,,,,,,,,,,,,,,,,,,2024.0118
CR Clash,SSBM,SSB64,Remix,,,,,,,,,,,,,,,,,,,,,,,,,,2024.0118
Immortal Fight,SSBU,,,,,,,,,,,,,,,,,,,,,,,,,,,,2024.0118
BFGC Weekly,SF6,GGST,GBVSR,Tekken,GGXrd,Others,,,,,,,,,,,,,,,,,,,,,,,2024.0118
Mid Hudson Mayhem,GBVSR,SF6,Tekken,Others,,,,,,,,,,,,,,,,,,,,,,,,,2024.0118
Burst Collectors Smash Weekly,SSBU,SSBM,,,,,,,,,,,,,,,,,,,,,,,,,,,2024.0118
Burst Collectors Weekly,UMvC3,GGST,SF6,KOFXV,,,,,,,,,,,,,,,,,,,,,,,,,2024.0118
Lunatic Perilune,MBTL,KOFXV,MBAACC,GGXrd,UNI,GGXXACR,P4AU,DFCI,Others,,,,,,,,,,,,,,,,,,,,2024.0118
NYC Tekken,Tekken,,,,,,,,,,,,,,,,,,,,,,,,,,,,2024.0118
WASD Gaming,UNI,GBVSR,SF6,GGST,MBTL,Others,,,,,,,,,,,,,,,,,,,,,,,2024.0118
BrookLAN Beatdowns,SF6,,,,,,,,,,,,,,,,,,,,,,,,,,,3rd Thursday,2024.0118
BrookLAN Brawls,SSBU,,,,,,,,,,,,,,,,,,,,,,,,,,,,2024.0118
Brooklyn Games,MvC2,SFA2,SSF2T,UMvC3,SF6,Retro,Others,,,,,,,,,,,,,,,,,,,,,,2024.0118
Red Parry NYC,3S,Retro,,,,,,,,,,,,,,,,,,,,,,,,,,,2024.0118
Red Parry NYC,3S,Retro,,,,,,,,,,,,,,,,,,,,,,,,,,,2024.0118
NLBC,SF6,GGST,,,,,,,,,,,,,,,,,,,,,,,,,,,2024.0118
TSB Monthly,GGST,GGXrd,GGXXACR,GBVSR,,,,,,,,,,,,,,,,,,,,,,,,,2024.0118
VSav / Alpha 2 Monthlies,VSav,SFA2,,,,,,,,,,,,,,,,,,,,,,,,,,,2024.0118
Monday Night Strive,GGST,GBVSR,,,,,,,,,,,,,,,,,,,,,,,,,,,2024.0118
Round Pour,SF6,,,,,,,,,,,,,,,,,,,,,,,,,,,,2024.0118
ROC City Run Back,MK1,GGXrd,GBVSR,UNI,BBCF,Tekken,SSBU,KOFXV,DBFZ,Others,,,,,,,,,,,,,,,,,,,2024.0118
Attack From Three Lives,SF6,GBVSR,Tekken,SSBM,SSBU,MK1,,,,,,,,,,,,,,,,,,,,,,,2024.0118
Iron Orange Forge,SF6,GBVSR,Tekken,SSBM,SSBU,MK1,,,,,,,,,,,,,,,,,,,,,,2nd Saturday,2024.0118
LastLevel,GGST,GGXXACR,MK1,BBCF,Tekken,VSav,SF6,GBVSR,UNI,Others,,,,,,,,,,,,,,,,,,,2024.0118
LastLevel Practice Mode,GGST,GGXXACR,MK1,BBCF,Tekken,VSav,SF6,GBVSR,UNI,Others,,,,,,,,,,,,,,,,,,,2024.0118
Quest for the Crown,SSBM,,,,,,,,,,,,,,,,,,,,,,,,,,,Only during the semester,2024.0118
Greenville's Battle in SouthTown,SF6,GGST,GBVSR,MK1,,,,,,,,,,,,,,,,,,,,,,,,2v2 focus events based off a themed game,2024.0118
Fighting Dojo,Various,,,,,,,,,,,,,,,,,,,,,,,,,,,"On break, venue is moving to new location",2024.0118
RDU Tekken,Tekken,,,,,,,,,,,,,,,,,,,,,,,,,,,"On break, venue is moving to new location",2024.0118
Tournament of Thrones,GGST,3S,DBFZ,SF6,SFA2,GBVSR,MK1,KI,Others,,,,,,,,,,,,,,,,,,,,2024.0118
Hidden Block Games,Tekken,GBVSR,DBFZ,SF6,Others,,,,,,,,,,,,,,,,,,,,,,,,2024.0118
Warring Triad,GGST,SF6,DBFZ,MBTL,GBVSR,,,,,,,,,,,,,,,,,,,,,,,,2024.0621
10 Frame Fridays,MK1,GGST,Tekken,SF6,,,,,,,,,,,,,,,,,,,,,,,,,2024.0118
Arcade Legacy Smash Weekly,SSBU,SSBM,,,,,,,,,,,,,,,,,,,,,,,,,,"Games alternate on a weekly basis, calendar here",2024.0118
Arcade Legacy Weeklies,SF6,GGST,Tekken,VSav,KOFXV,MK1,UMvC3,SC6,Others,,,,,,,,,,,,,,,,,,,"Games alternate on a weekly basis, calendar here",2024.0118
"Yeah, I Gotcha Locals",GGST,GGXrd,GGXXACR,UMvC3,BBCF,SF6,Anime Etc,,,,,,,,,,,,,,,,,,,,,,2024.0211
Buckeye Battles,GBVSR,MK1,KOFXV,SF6,DBFZ,SSF2T,UNI,Others,,,,,,,,,,,,,,,,,,,,,2024.0118
Donatos Fight Night Gray,SSBU,SC6,SC6,SC2,UMvC3,KOFXV,Others,,,,,,,,,,,,,,,,,,,,,,2024.0118
Donatos Fight Night Scarlet,UNI,DBFZ,GBVSR,SF6,MK1,Tekken,Others,Others,,,,,,,,,,,,,,,,,,,,,2024.0118
Tuesday Trials,UNI,GBVSR,SF6,SSBU,P4AU,GGST,Others,,,,,,,,,,,,,,,,,,,,,,2024.0118
Level One Fight Night,SF6,Others,,,,,,,,,,,,,,,,,,,,,,,,,,,2024.0118
Vyral Compound,SF6,GGST,Others,,,,,,,,,,,,,,,,,,,,,,,,,,2024.0118
Limelight,SSBU,SSBM,MK1,UMvC3,Others,,,,,,,,,,,,,,,,,,,,,,,,2024.0118
Something Sweet,GBVSR,UNI,MK1,SF6,GGST,Others,,,,,,,,,,,,,,,,,,,,,,,2024.0118
Guard Break,GGST,Tekken,SF6,SSBU,Others,,,,,,,,,,,,,,,,,,,,,,,,2024.0118
Rock the Dragon,SF6,GGST,GGXrd,Tekken,DBFZ,SC6,GBVSR,MK1,KOFXV,MBTL,,,,,,,,,,,,,,,,,,"Active Discord server is ""Rock The Dragon"" but no perm inv link",2024.0118
Rock the Dragon Monthlies,SF6,GGST,GGXrd,Tekken,DBFZ,SC6,GBVSR,MK1,KOFXV,MBTL,,,,,,,,,,,,,,,,,,"Active Discord server is ""Rock The Dragon"" but no perm inv link",2024.0118
Tapout at the Taproom,SF6,GGST,VF5,UNI,,,,,,,,,,,,,,,,,,,,,,,,,2024.0118
Cooped Up,SSBM,,,,,,,,,,,,,,,,,,,,,,,,,,,,2024.0118
Adam's Smash Series,SSBM,,,,,,,,,,,,,,,,,,,,,,,,,,,,2024.0118
Cardboard Diamonds,GGXrd,UNI,GGXXACR,P4AU,BBCF,VF5,,,,,,,,,,,,,,,,,,,,,,,2024.0118
Faustian Fridays,Various,,,,,,,,,,,,,,,,,,,,,,,,,,,,2024.0118
Epic Gaming Weeklies,Various,,,,,,,,,,,,,,,,,,,,,,,,,,,,2024.0118
Portland Punish,SF6,GGST,GBVSR,VSav,GGXrd,UNI,,,,,,,,,,,,,,,,,,,,,,,2024.0118
Battle Lounge PDX,Tekken,SF6,,,,,,,,,,,,,,,,,,,,,,,,,,,2024.0118
Fight Your Rival,SF6,MK1,Tekken,,,,,,,,,,,,,,,,,,,,,,,,,,2024.0402
Rose City Rushdown,Tekken,SF6,GGST,Others,Retro,,,,,,,,,,,,,,,,,,,,,,,See Discord for venue address,2024.0610
Go For Broke,UNI,GBVSR,GGST,MK1,SF6,Tekken,,,,,,,,,,,,,,,,,,,,,,,2024.0118
The Gulag,Tekken,SF6,Others,,,,,,,,,,,,,,,,,,,,,,,,,,2024.0118
Drexel FGC,GGST,GBVSR,UNI,MBTL,Tekken,GGXrd,KOFXV,DBFZ,BBCF,Others,,,,,,,,,,,,,,,,,,"Games are different each time, check calendar here",2024.0118
King of Shadows,SF6,,,,,,,,,,,,,,,,,,,,,,,,,,,,2024.0118
The Streets,Tekken,GGST,SF6,MK1,GBVSR,,,,,,,,,,,,,,,,,,,,,,,,2024.0118
Vermilion Series,Tekken,GGST,SF6,MK1,GBVSR,,,,,,,,,,,,,,,,,,,,,,,,2024.0118
SRU FGC Biweeklies,SF6,GGST,Others,,,,,,,,,,,,,,,,,,,,,,,,,,2024.0118
CMUKen Locals,Unknown,,,,,,,,,,,,,,,,,,,,,,,,,,,,2024.0118
Pittsburgh FGC Biweeklies,SF6,GBVSR,MK1,,,,,,,,,,,,,,,,,,,,,,,,,,2024.0118
More Than Friendlies,SSBU,,,,,,,,,,,,,,,,,,,,,,,,,,,,2024.0118
The Lockdown,GGST,SF6,DBFZ,3S,Retro,,,,,,,,,,,,,,,,,,,,,,,,2024.0118
Gayas Cradle,Unknown,,,,,,,,,,,,,,,,,,,,,,,,,,,source,2024.0118
Electric City Showdown,SF6,Tekken,UNI,,,,,,,,,,,,,,,,,,,,,,,,,source,2024.0119
Side Deck Gaming,SF6,Tekken,Others,,,,,,,,,,,,,,,,,,,,,,,,,,2024.0118
Grind Haus,SF6,Tekken,UNI,,,,,,,,,,,,,,,,,,,,,,,,,source,2024.0119
Masher's Paradise,Tekken,SF6,Others,,,,,,,,,,,,,,,,,,,,,,,,,,2024.0118
Weekly Worldfire Fighters,Tekken,SF6,GGST,MK1,SC6,,,,,,,,,,,,,,,,,,,,,,,"Game list rotates for 3rd game between GGST, MK1, SC6",2024.0118
Downtown Brawl,SF6,MK1,SSBU,Tekken,,,,,,,,,,,,,,,,,,,,,,,,Currently on break,2024.0118
Sioux Falls Weeklies,SF6,GGXrd,GBVSR,UNI,GGST,,,,,,,,,,,,,,,,,,,,,,,,2024.0610
236 Mafia Monthlies,SF6,UNI,GGST,,,,,,,,,,,,,,,,,,,,,,,,,,2024.0118
Token Throwdown,GBVSR,Tekken,GGST,MK1,SF6,UNI,3S,Others,,,,,,,,,,,,,,,,,,,,"Games rotate, check Twitter",2024.0118
Game Galaxy Arcade Anime,Anime Etc,,,,,,,,,,,,,,,,,,,,,,,,,,,Calendar here,2024.0118
Game Galaxy Arcade Fight Night,SF6,GBVSR,Others,,,,,,,,,,,,,,,,,,,,,,,,,Calendar here; games rotate each week,2024.0118
Austin Air Assault,GBVSR,BBCF,GGST,Anime Etc,,,,,,,,,,,,,,,,,,,,,,,,,2024.0118
Saucy Saturday,SF6,Tekken,,,,,,,,,,,,,,,,,,,,,,,,,,Alternates between Tekken and SF each week,2024.0610
SETX FGC,SSBU,SF6,SSBM,P+,MK1,SamSho,Retro,Others,,,,,,,,,,,,,,,,,,,,,2024.0118
Corpus Christi FGC,SF6,GBVSR,GGST,Others,,,,,,,,,,,,,,,,,,,,,,,,,2024.0118
ArtCade,3S,SF6,Others,,,,,,,,,,,,,,,,,,,,,,,,,,2024.0118
Freaks Smash Dallas,SSBU,,,,,,,,,,,,,,,,,,,,,,,,,,,Calendar here,2024.0118
Freaks Smash Denton,SSBU,,,,,,,,,,,,,,,,,,,,,,,,,,,Calendar here,2024.0118
YOMI Anime FGC Denton,GGXrd,GBVSR,,,,,,,,,,,,,,,,,,,,,,,,,,Calendar here,2024.0118
Freaks Smash Richardson,SSBU,,,,,,,,,,,,,,,,,,,,,,,,,,,Calendar here,2024.0118
Monday Night Melee,SSBM,,,,,,,,,,,,,,,,,,,,,,,,,,,,2024.0118
Suplex,SF6,GGST,GBVSR,,,,,,,,,,,,,,,,,,,,,,,,,,2024.0118
Ultimate Shockwave,SSBU,,,,,,,,,,,,,,,,,,,,,,,,,,,,2024.0118
Quickdraw Brawl,UNI,BBCF,P4AU,GBVSR,,,,,,,,,,,,,,,,,,,,,,,,,2024.0118
Collisions,Various,,,,,,,,,,,,,,,,,,,,,,,,,,,,2024.0118
Saturday Sets,Tekken,GGST,SF6,MK1,SSBU,GBVSR,,,,,,,,,,,,,,,,,,,,,,"MK1, SSBU, GBVSR are side games",2024.0118
50-50 Fridays,SF6,GBVSR,Mystery,Tekken,UNI,GGST,,,,,,,,,,,,,,,,,,,,,,,2024.0209
The Anime Place (TAP),GGST,MBTL,UNI,BBCF,Tekken,SF6,KOFXV,SC6,Mystery,Others,,,,,,,,,,,,,,,,,,,2024.0118
Saturday Shikomi 1,GGXrd,GBVSR,,,,,,,,,,,,,,,,,,,,,,,,,,Contact for address; 1st Saturday,2024.0118
Saturday Shikomi 2,BBCF,UNI,,,,,,,,,,,,,,,,,,,,,,,,,,Contact for address; 3rd Saturday,2024.0118
Perfect Parry Sanctuary,SF6,,,,,,,,,,,,,,,,,,,,,,,,,,,,2024.0118
River City Reversal,GGXrd,UMvC3,MK1,GBVSR,,,,,,,,,,,,,,,,,,,,,,,,,2024.0119
River City Rushdown,GGST,UNI,SF6,Tekken,,,,,,,,,,,,,,,,,,,,,,,,,2024.0118
San Antonio Melee,SSBM,,,,,,,,,,,,,,,,,,,,,,,,,,,,2024.0118
San Antonio P+ Saturdays,P+,,,,,,,,,,,,,,,,,,,,,,,,,,,1st Saturday,2024.0118
San Antonio P+ Sundays,P+,,,,,,,,,,,,,,,,,,,,,,,,,,,2nd & 4th Sundays,2024.0118
Plus Frames,SF6,GGST,MK1,Skullgirls,,,,,,,,,,,,,,,,,,,,,,,,,2024.0118
SLC Barfights,MK1,GGST,GBVSR,SF6,,,,,,,,,,,,,,,,,,,,,,,,,2024.0118
Rumble SLC,Tekken,GGST,MK1,SF6,,,,,,,,,,,,,,,,,,,,,,,,,2024.0118
Saturday Nights,SF6,,,,,,,,,,,,,,,,,,,,,,,,,,,,2024.0118
Wednesday Nights Casuals,SF6,,,,,,,,,,,,,,,,,,,,,,,,,,,,2024.0118
FGC Paradise,SF6,MK1,Tekken,GGST,,,,,,,,,,,,,,,,,,,,,,,,3rd or 4th Sunday,2024.0118
The FGC @ Virginia Tech,GGST,SF6,BBCF,GBVSR,UMvC3,Tekken,UNI,,,,,,,,,,,,,,,,,,,,,"Usually Saturdays, sometimes Sundays. Open to anyone not just Students.",2024.0118
FGCville: Enter the Thunderdome,SF6,GGST,GBVSR,Others,,,,,,,,,,,,,,,,,,,,,,,,Games list rotates,2024.0118
Monday Melee,SSBM,,,,,,,,,,,,,,,,,,,,,,,,,,,,2024.0118
The Cave FGC Monthly,KOFXV,DBFZ,GGST,SF6,GBVSR,CvS2,Tekken,MK1,,,,,,,,,,,,,,,,,,,,,2024.0118
The Cave FGC Weekly,GGST,Tekken,SF6,KOFXV,,,,,,,,,,,,,,,,,,,,,,,,,2024.0118
King of the Ring,SF6,GGST,Others,,,,,,,,,,,,,,,,,,,,,,,,,2nd Saturday,2024.0118
TOL Thursday Night Throwdown,SF6,GGST,Others,,,,,,,,,,,,,,,,,,,,,,,,,,2024.0118
Rage Quit,SSBU,,,,,,,,,,,,,,,,,,,,,,,,,,,,2024.0118
Fight Night Fridays,SF6,GGST,Others,,,,,,,,,,,,,,,,,,,,,,,,,On break as of Jan 2024,2024.0118
Throwdown Thursday,SSBU,SSBM,,,,,,,,,,,,,,,,,,,,,,,,,,,2024.0118
Wipeout Wednesday,SSBU,,,,,,,,,,,,,,,,,,,,,,,,,,,Only for ages 8-17!,2024.0118
DawnStar Clash,SF6,3S,Tekken,Others,,,,,,,,,,,,,,,,,,,,,,,,,2024.0118
DawnStar Smash,SSBU,SSBM,,,,,,,,,,,,,,,,,,,,,,,,,,,2024.0118
The King Returns,SF6,GGST,Tekken,GBVSR,Others,,,,,,,,,,,,,,,,,,,,,,,1st Saturday,2024.0118
The Answer Biweeklies,Tekken,SF6,GGST,GBVSR,Retro,Others,,,,,,,,,,,,,,,,,,,,,,2nd & 4th Wednesday,2024.0118
Monthly Mashers,P+,SSBU,Mystery,Others,,,,,,,,,,,,,,,,,,,,,,,,,2024.0118
Retro Collection Weeklies,Various,,,,,,,,,,,,,,,,,,,,,,,,,,,,2024.0118
Ultimate Thursday,SSBU,,,,,,,,,,,,,,,,,,,,,,,,,,,,2024.0118
Palouse Games,SF6,GGST,GBVSR,SamSho,Others,,,,,,,,,,,,,,,,,,,,,,,,2024.0118
Seattle Skirmish,GGST,UNI,GBVSR,Others,,,,,,,,,,,,,,,,,,,,,,,,Spreadsheet for people bringing setups,2024.0118
NekoDojo,3S,Others,,,,,,,,,,,,,,,,,,,,,,,,,,,2024.0118
Wata Lily,VF5,SF6,Tekken,,,,,,,,,,,,,,,,,,,,,,,,,,2024.0118
Salon Series,SF6,,,,,,,,,,,,,,,,,,,,,,,,,,,2nd Saturday,2024.0118
Salon Weeklies MK,MK1,,,,,,,,,,,,,,,,,,,,,,,,,,,,2024.0118
Salon Weeklies SF,SF6,,,,,,,,,,,,,,,,,,,,,,,,,,,$175 prize pool,2024.0118
Salon Weeklies SF Casuals,SF6,,,,,,,,,,,,,,,,,,,,,,,,,,,,2024.0118
The Salon,Tekken,,,,,,,,,,,,,,,,,,,,,,,,,,,,2024.0118
PNW Airdashers,GGST,GGXrd,GBVSR,UNI,BBCF,SF6,Tekken,DBFZ,MBTL,Others,,,,,,,,,,,,,,,,,,Contact for address,2024.0118
The Middle Ground,SSBU,SSBM,SF6,Tekken,Others,,,,,,,,,,,,,,,,,,,,,,,,2024.0118
Defiant Fox Games,Tekken,,,,,,,,,,,,,,,,,,,,,,,,,,,,2024.0118
Runback Brackets,SF6,GGST,Tekken,Others,,,,,,,,,,,,,,,,,,,,,,,,Tournament is every other meetup (so every 4 weeks),2024.0118
Runback Casuals,SF6,GGST,Tekken,Others,,,,,,,,,,,,,,,,,,,,,,,,,2024.0118
Final Strike,Tekken,SF6,GGST,GBVSR,,,,,,,,,,,,,,,,,,,,,,,,,2024.0118
Run the Set,Tekken,SF6,GGST,,,,,,,,,,,,,,,,,,,,,,,,,,2024.0211
Sunday Night Fights,GGST,SSBU,SF6,Tekken,,,,,,,,,,,,,,,,,,,,,,,,,2024.0211
Thursday Throwdown,SSBU,GGST,SF6,,,,,,,,,,,,,,,,,,,,,,,,,,2024.0118
Pro League,SSBU,SF6,GGST,SSB64,,,,,,,,,,,,,,,,,,,,,,,,,2024.0118